No,Name,Type1,Type2,Abilities,HP,Atk,Def,SpAtk,SpDef,Speed,Value,NextEvoLevel
#0001,이상해씨,풀,독,,45,49,49,65,65,45,318,16
#0002,이상해풀,풀,독,,60,62,63,80,80,60,405,32
#0003,이상해꽃,풀,독,,80,82,83,100,100,80,525,0
#0003,메가이상해꽃,풀,독,,,,,,,,0,0
#0004,파이리,불꽃,,,39,52,43,60,50,65,309,16
#0005,리자드,불꽃,,,58,64,58,80,65,80,405,36
#0006,리자몽,불꽃,비행,,78,84,78,109,85,100,534,0
#0006,메가리자몽X,불꽃,드래곤,,,,,,,,0,0
#0006,메가리자몽Y,불꽃,비행,,,,,,,,0,0
#0007,꼬부기,물,,,44,48,65,50,64,43,314,16
#0008,어니부기,물,,,59,63,80,65,80,58,405,36
#0009,거북왕,물,,,79,83,100,85,105,78,530,0
#0009,메가거북왕,물,,,,,,,,,0,0
#0010,캐터피,벌레,,,,,,,,,0,
#0011,단데기,벌레,,,,,,,,,0,
#0012,버터플,벌레,비행,,,,,,,,0,
#0013,뿔충이,벌레,독,,,,,,,,0,
#0014,딱충이,벌레,독,,,,,,,,0,
#0015,독침붕,벌레,독,,,,,,,,0,
#0015,메가독침붕,벌레,독,,,,,,,,0,
#0016,구구,노말,비행,,,,,,,,0,
#0017,피죤,노말,비행,,,,,,,,0,
#0018,피죤투,노말,비행,,,,,,,,0,
#0018,메가피죤투,노말,비행,,,,,,,,0,
#0019,꼬렛,노말,,,,,,,,,0,
#0019,꼬렛,악,노말,,,,,,,,0,
#0020,레트라,노말,,,,,,,,,0,
#0020,레트라,악,노말,,,,,,,,0,
#0021,깨비참,노말,비행,,,,,,,,0,
#0022,깨비드릴조,노말,비행,,,,,,,,0,
#0023,아보,독,,,,,,,,,0,
#0024,아보크,독,,,,,,,,,0,
#0025,피카츄,전기,,,,,,,,,0,
#0026,라이츄,전기,,,,,,,,,0,
#0026,라이츄,전기,에스퍼,,,,,,,,0,
#0027,모래두지,땅,,,,,,,,,0,
#0027,모래두지,얼음,강철,,,,,,,,0,
#0028,고지,땅,,,,,,,,,0,
#0028,고지,얼음,강철,,,,,,,,0,
#0029,니드런♀,독,,,,,,,,,0,
#0030,니드리나,독,,,,,,,,,0,
#0031,니드퀸,독,땅,,,,,,,,0,
#0032,니드런♂,독,,,,,,,,,0,
#0033,니드리노,독,,,,,,,,,0,
#0034,니드킹,독,땅,,,,,,,,0,
#0035,삐삐,페어리,,,,,,,,,0,
#0036,픽시,페어리,,,,,,,,,0,
#0037,식스테일,불꽃,,,,,,,,,0,
#0037,식스테일,얼음,,,,,,,,,0,
#0038,나인테일,불꽃,,,,,,,,,0,
#0038,나인테일,얼음,페어리,,,,,,,,0,
#0039,푸린,노말,페어리,,,,,,,,0,
#0040,푸크린,노말,페어리,,,,,,,,0,
#0041,주뱃,독,비행,,,,,,,,0,
#0042,골뱃,독,비행,,,,,,,,0,
#0043,뚜벅쵸,풀,독,,,,,,,,0,
#0044,냄새꼬,풀,독,,,,,,,,0,
#0045,라플레시아,풀,독,,,,,,,,0,
#0046,파라스,벌레,풀,,,,,,,,0,
#0047,파라섹트,벌레,풀,,,,,,,,0,
#0048,콘팡,벌레,독,,,,,,,,0,
#0049,도나리,벌레,독,,,,,,,,0,
#0050,디그다,땅,,,,,,,,,0,
#0050,디그다,땅,강철,,,,,,,,0,
#0051,닥트리오,땅,,,,,,,,,0,
#0051,닥트리오,땅,강철,,,,,,,,0,
#0052,나옹,노말,,,,,,,,,0,
#0052,나옹,악,,,,,,,,,0,
#0052,나옹,강철,,,,,,,,,0,
#0053,페르시온,노말,,,,,,,,,0,
#0053,페르시온,악,,,,,,,,,0,
#0054,고라파덕,물,,,,,,,,,0,
#0055,골덕,물,,,,,,,,,0,
#0056,망키,격투,,,,,,,,,0,
#0057,성원숭,격투,,,,,,,,,0,
#0058,가디,불꽃,,,,,,,,,0,
#0058,가디,불꽃,바위,,,,,,,,0,
#0059,윈디,불꽃,,,,,,,,,0,
#0059,윈디,불꽃,바위,,,,,,,,0,
#0060,발챙이,물,,,,,,,,,0,
#0061,슈륙챙이,물,,,,,,,,,0,
#0062,강챙이,물,격투,,,,,,,,0,
#0063,캐이시,에스퍼,,,,,,,,,0,
#0064,윤겔라,에스퍼,,,,,,,,,0,
#0065,후딘,에스퍼,,,,,,,,,0,
#0065,메가후딘,에스퍼,,,,,,,,,0,
#0066,알통몬,격투,,,,,,,,,0,
#0067,근육몬,격투,,,,,,,,,0,
#0068,괴력몬,격투,,,,,,,,,0,
#0069,모다피,풀,독,,,,,,,,0,
#0070,우츠동,풀,독,,,,,,,,0,
#0071,우츠보트,풀,독,,,,,,,,0,
#0072,왕눈해,물,독,,,,,,,,0,
#0073,독파리,물,독,,,,,,,,0,
#0074,꼬마돌,바위,땅,,,,,,,,0,
#0074,꼬마돌,바위,전기,,,,,,,,0,
#0075,데구리,바위,땅,,,,,,,,0,
#0075,데구리,바위,전기,,,,,,,,0,
#0076,딱구리,바위,땅,,,,,,,,0,
#0076,딱구리,바위,전기,,,,,,,,0,
#0077,포니타,불꽃,,,,,,,,,0,
#0077,포니타,에스퍼,,,,,,,,,0,
#0078,날쌩마,불꽃,,,,,,,,,0,
#0078,날쌩마,에스퍼,페어리,,,,,,,,0,
#0079,야돈,물,에스퍼,,,,,,,,0,
#0079,야돈,에스퍼,,,,,,,,,0,
#0080,야도란,물,에스퍼,,,,,,,,0,
#0080,메가야도란,물,에스퍼,,,,,,,,0,
#0080,야도란,독,에스퍼,,,,,,,,0,
#0081,코일,전기,강철,,,,,,,,0,
#0082,레어코일,전기,강철,,,,,,,,0,
#0083,파오리,노말,비행,,,,,,,,0,
#0083,파오리,격투,,,,,,,,,0,
#0084,두두,노말,비행,,,,,,,,0,
#0085,두트리오,노말,비행,,,,,,,,0,
#0086,쥬쥬,물,,,,,,,,,0,
#0087,쥬레곤,물,얼음,,,,,,,,0,
#0088,질퍽이,독,,,,,,,,,0,
#0088,질퍽이,독,악,,,,,,,,0,
#0089,질뻐기,독,,,,,,,,,0,
#0089,질뻐기,독,악,,,,,,,,0,
#0090,셀러,물,,,,,,,,,0,
#0091,파르셀,물,얼음,,,,,,,,0,
#0092,고오스,고스트,독,,,,,,,,0,
#0093,고우스트,고스트,독,,,,,,,,0,
#0094,팬텀,고스트,독,,,,,,,,0,
#0094,메가팬텀,고스트,독,,,,,,,,0,
#0095,롱스톤,바위,땅,,,,,,,,0,
#0096,슬리프,에스퍼,,,,,,,,,0,
#0097,슬리퍼,에스퍼,,,,,,,,,0,
#0098,크랩,물,,,,,,,,,0,
#0099,킹크랩,물,,,,,,,,,0,
#0100,찌리리공,전기,,,,,,,,,0,
#0100,찌리리공,전기,풀,,,,,,,,0,
#0101,붐볼,전기,,,,,,,,,0,
#0101,붐볼,전기,풀,,,,,,,,0,
#0102,아라리,풀,에스퍼,,,,,,,,0,
#0103,나시,풀,에스퍼,,,,,,,,0,
#0103,나시,풀,드래곤,,,,,,,,0,
#0104,탕구리,땅,,,,,,,,,0,
#0105,텅구리,땅,,,,,,,,,0,
#0105,텅구리,불꽃,고스트,,,,,,,,0,
#0106,시라소몬,격투,,,,,,,,,0,
#0107,홍수몬,격투,,,,,,,,,0,
#0108,내루미,노말,,,,,,,,,0,
#0109,또가스,독,,,,,,,,,0,
#0110,또도가스,독,,,,,,,,,0,
#0110,또도가스,독,페어리,,,,,,,,0,
#0111,뿔카노,땅,바위,,,,,,,,0,
#0112,코뿌리,땅,바위,,,,,,,,0,
#0113,럭키,노말,,,,,,,,,0,
#0114,덩쿠리,풀,,,,,,,,,0,
#0115,캥카,노말,,,,,,,,,0,
#0115,메가캥카,노말,,,,,,,,,0,
#0116,쏘드라,물,,,,,,,,,0,
#0117,시드라,물,,,,,,,,,0,
#0118,콘치,물,,,,,,,,,0,
#0119,왕콘치,물,,,,,,,,,0,
#0120,별가사리,물,,,,,,,,,0,
#0121,아쿠스타,물,에스퍼,,,,,,,,0,
#0122,마임맨,에스퍼,페어리,,,,,,,,0,
#0122,마임맨,얼음,에스퍼,,,,,,,,0,
#0123,스라크,벌레,비행,,,,,,,,0,
#0124,루주라,얼음,에스퍼,,,,,,,,0,
#0125,에레브,전기,,,,,,,,,0,
#0126,마그마,불꽃,,,,,,,,,0,
#0127,쁘사이저,벌레,,,,,,,,,0,
#0127,메가쁘사이저,벌레,비행,,,,,,,,0,
#0128,켄타로스,노말,,,,,,,,,0,
#0128,켄타로스,격투,,,,,,,,,0,
#0128,켄타로스,격투,불꽃,,,,,,,,0,
#0128,켄타로스,격투,물,,,,,,,,0,
#0129,잉어킹,물,,,,,,,,,0,
#0130,갸라도스,물,비행,,,,,,,,0,
#0130,메가갸라도스,물,악,,,,,,,,0,
#0131,라프라스,물,얼음,,,,,,,,0,
#0132,메타몽,노말,,,,,,,,,0,
#0133,이브이,노말,,,,,,,,,0,
#0134,샤미드,물,,,,,,,,,0,
#0135,쥬피썬더,전기,,,,,,,,,0,
#0136,부스터,불꽃,,,,,,,,,0,
#0137,폴리곤,노말,,,,,,,,,0,
#0138,암나이트,바위,물,,,,,,,,0,
#0139,암스타,바위,물,,,,,,,,0,
#0140,투구,바위,물,,,,,,,,0,
#0141,투구푸스,바위,물,,,,,,,,0,
#0142,프테라,바위,비행,,,,,,,,0,
#0142,메가프테라,바위,비행,,,,,,,,0,
#0143,잠만보,노말,,,,,,,,,0,
#0144,프리져,얼음,비행,,,,,,,,0,
#0144,프리져,에스퍼,비행,,,,,,,,0,
#0145,썬더,전기,비행,,,,,,,,0,
#0145,썬더,격투,비행,,,,,,,,0,
#0146,파이어,불꽃,비행,,,,,,,,0,
#0146,파이어,악,비행,,,,,,,,0,
#0147,미뇽,드래곤,,,,,,,,,0,
#0148,신뇽,드래곤,,,,,,,,,0,
#0149,망나뇽,드래곤,비행,,,,,,,,0,
#0150,뮤츠,에스퍼,,,,,,,,,0,
#0150,메가뮤츠X,에스퍼,격투,,,,,,,,0,
#0150,메가뮤츠Y,에스퍼,,,,,,,,,0,
#0151,뮤,에스퍼,,,,,,,,,0,
#0152,치코리타,풀,,,,,,,,,0,
#0153,베이리프,풀,,,,,,,,,0,
#0154,메가니움,풀,,,,,,,,,0,
#0155,브케인,불꽃,,,,,,,,,0,
#0156,마그케인,불꽃,,,,,,,,,0,
#0157,블레이범,불꽃,,,,,,,,,0,
#0157,블레이범,불꽃,고스트,,,,,,,,0,
#0158,리아코,물,,,,,,,,,0,
#0159,엘리게이,물,,,,,,,,,0,
#0160,장크로다일,물,,,,,,,,,0,
#0161,꼬리선,노말,,,,,,,,,0,
#0162,다꼬리,노말,,,,,,,,,0,
#0163,부우부,노말,비행,,,,,,,,0,
#0164,야부엉,노말,비행,,,,,,,,0,
#0165,레디바,벌레,비행,,,,,,,,0,
#0166,레디안,벌레,비행,,,,,,,,0,
#0167,페이검,벌레,독,,,,,,,,0,
#0168,아리아도스,벌레,독,,,,,,,,0,
#0169,크로뱃,독,비행,,,,,,,,0,
#0170,초라기,물,전기,,,,,,,,0,
#0171,랜턴,물,전기,,,,,,,,0,
#0172,피츄,전기,,,,,,,,,0,
#0173,삐,페어리,,,,,,,,,0,
#0174,푸푸린,노말,페어리,,,,,,,,0,
#0175,토게피,페어리,,,,,,,,,0,
#0176,토게틱,페어리,비행,,,,,,,,0,
#0177,네이티,에스퍼,비행,,,,,,,,0,
#0178,네이티오,에스퍼,비행,,,,,,,,0,
#0179,메리프,전기,,,,,,,,,0,
#0180,보송송,전기,,,,,,,,,0,
#0181,전룡,전기,,,,,,,,,0,
#0181,메가전룡,전기,드래곤,,,,,,,,0,
#0182,아르코,풀,,,,,,,,,0,
#0183,마릴,물,페어리,,,,,,,,0,
#0184,마릴리,물,페어리,,,,,,,,0,
#0185,꼬지모,바위,,,,,,,,,0,
#0186,왕구리,물,,,,,,,,,0,
#0187,통통코,풀,비행,,,,,,,,0,
#0188,두코,풀,비행,,,,,,,,0,
#0189,솜솜코,풀,비행,,,,,,,,0,
#0190,에이팜,노말,,,,,,,,,0,
#0191,해너츠,풀,,,,,,,,,0,
#0192,해루미,풀,,,,,,,,,0,
#0193,왕자리,벌레,비행,,,,,,,,0,
#0194,우파,물,땅,,,,,,,,0,
#0194,우파,독,땅,,,,,,,,0,
#0195,누오,물,땅,,,,,,,,0,
#0196,에브이,에스퍼,,,,,,,,,0,
#0197,블래키,악,,,,,,,,,0,
#0198,니로우,악,비행,,,,,,,,0,
#0199,야도킹,물,에스퍼,,,,,,,,0,
#0200,무우마,고스트,,,,,,,,,0,
#0201,안농,에스퍼,,,,,,,,,0,
#0202,마자용,에스퍼,,,,,,,,,0,
#0203,키링키,노말,에스퍼,,,,,,,,0,
#0204,피콘,벌레,,,,,,,,,0,
#0205,쏘콘,벌레,강철,,,,,,,,0,
#0206,노고치,노말,,,,,,,,,0,
#0207,글라이거,땅,비행,,,,,,,,0,
#0208,강철톤,강철,땅,,,,,,,,0,
#0208,메가강철톤,강철,땅,,,,,,,,0,
#0209,블루,페어리,,,,,,,,,0,
#0210,그랑블루,페어리,,,,,,,,,0,
#0211,침바루,물,독,,,,,,,,0,
#0211,침바루,악,독,,,,,,,,0,
#0212,핫삼,벌레,강철,,,,,,,,0,
#0212,메가핫삼,벌레,강철,,,,,,,,0,
#0213,단단지,벌레,바위,,,,,,,,0,
#0214,헤라크로스,벌레,격투,,,,,,,,0,
#0214,메가헤라크로스,벌레,격투,,,,,,,,0,
#0215,포푸니,악,얼음,,,,,,,,0,
#0215,포푸니,격투,독,,,,,,,,0,
#0216,깜지곰,노말,,,,,,,,,0,
#0217,링곰,노말,,,,,,,,,0,
#0218,마그마그,불꽃,,,,,,,,,0,
#0219,마그카르고,불꽃,바위,,,,,,,,0,
#0220,꾸꾸리,얼음,땅,,,,,,,,0,
#0221,메꾸리,얼음,땅,,,,,,,,0,
#0222,코산호,물,바위,,,,,,,,0,
#0222,코산호,고스트,,,,,,,,,0,
#0223,총어,물,,,,,,,,,0,
#0224,대포무노,물,,,,,,,,,0,
#0225,딜리버드,얼음,비행,,,,,,,,0,
#0226,만타인,물,비행,,,,,,,,0,
#0227,무장조,강철,비행,,,,,,,,0,
#0228,델빌,악,불꽃,,,,,,,,0,
#0229,헬가,악,불꽃,,,,,,,,0,
#0229,메가헬가,악,불꽃,,,,,,,,0,
#0230,킹드라,물,드래곤,,,,,,,,0,
#0231,코코리,땅,,,,,,,,,0,
#0232,코리갑,땅,,,,,,,,,0,
#0233,폴리곤2,노말,,,,,,,,,0,
#0234,노라키,노말,,,,,,,,,0,
#0235,루브도,노말,,,,,,,,,0,
#0236,배루키,격투,,,,,,,,,0,
#0237,카포에라,격투,,,,,,,,,0,
#0238,뽀뽀라,얼음,에스퍼,,,,,,,,0,
#0239,에레키드,전기,,,,,,,,,0,
#0240,마그비,불꽃,,,,,,,,,0,
#0241,밀탱크,노말,,,,,,,,,0,
#0242,해피너스,노말,,,,,,,,,0,
#0243,라이코,전기,,,,,,,,,0,
#0244,앤테이,불꽃,,,,,,,,,0,
#0245,스이쿤,물,,,,,,,,,0,
#0246,애버라스,바위,땅,,,,,,,,0,
#0247,데기라스,바위,땅,,,,,,,,0,
#0248,마기라스,바위,악,,,,,,,,0,
#0248,메가마기라스,바위,악,,,,,,,,0,
#0249,루기아,에스퍼,비행,,,,,,,,0,
#0250,칠색조,불꽃,비행,,,,,,,,0,
#0251,세레비,에스퍼,풀,,,,,,,,0,
#0252,나무지기,풀,,,,,,,,,0,
#0253,나무돌이,풀,,,,,,,,,0,
#0254,나무킹,풀,,,,,,,,,0,
#0254,메가나무킹,풀,드래곤,,,,,,,,0,
#0255,아차모,불꽃,,,,,,,,,0,
#0256,영치코,불꽃,격투,,,,,,,,0,
#0257,번치코,불꽃,격투,,,,,,,,0,
#0257,메가번치코,불꽃,격투,,,,,,,,0,
#0258,물짱이,물,,,,,,,,,0,
#0259,늪짱이,물,땅,,,,,,,,0,
#0260,대짱이,물,땅,,,,,,,,0,
#0260,메가대짱이,물,땅,,,,,,,,0,
#0261,포챠나,악,,,,,,,,,0,
#0262,그라에나,악,,,,,,,,,0,
#0263,지그제구리,노말,,,,,,,,,0,
#0263,지그제구리,악,노말,,,,,,,,0,
#0264,직구리,노말,,,,,,,,,0,
#0264,직구리,악,노말,,,,,,,,0,
#0265,개무소,벌레,,,,,,,,,0,
#0266,실쿤,벌레,,,,,,,,,0,
#0267,뷰티플라이,벌레,비행,,,,,,,,0,
#0268,카스쿤,벌레,,,,,,,,,0,
#0269,독케일,벌레,독,,,,,,,,0,
#0270,연꽃몬,물,풀,,,,,,,,0,
#0271,로토스,물,풀,,,,,,,,0,
#0272,로파파,물,풀,,,,,,,,0,
#0273,도토링,풀,,,,,,,,,0,
#0274,잎새코,풀,악,,,,,,,,0,
#0275,다탱구,풀,악,,,,,,,,0,
#0276,테일로,노말,비행,,,,,,,,0,
#0277,스왈로,노말,비행,,,,,,,,0,
#0278,갈모매,물,비행,,,,,,,,0,
#0279,패리퍼,물,비행,,,,,,,,0,
#0280,랄토스,에스퍼,페어리,,,,,,,,0,
#0281,킬리아,에스퍼,페어리,,,,,,,,0,
#0282,가디안,에스퍼,페어리,,,,,,,,0,
#0282,메가가디안,에스퍼,페어리,,,,,,,,0,
#0283,비구술,벌레,물,,,,,,,,0,
#0284,비나방,벌레,비행,,,,,,,,0,
#0285,버섯꼬,풀,,,,,,,,,0,
#0286,버섯모,풀,격투,,,,,,,,0,
#0287,게을로,노말,,,,,,,,,0,
#0288,발바로,노말,,,,,,,,,0,
#0289,게을킹,노말,,,,,,,,,0,
#0290,토중몬,벌레,땅,,,,,,,,0,
#0291,아이스크,벌레,비행,,,,,,,,0,
#0292,껍질몬,벌레,고스트,,,,,,,,0,
#0293,소곤룡,노말,,,,,,,,,0,
#0294,노공룡,노말,,,,,,,,,0,
#0295,폭음룡,노말,,,,,,,,,0,
#0296,마크탕,격투,,,,,,,,,0,
#0297,하리뭉,격투,,,,,,,,,0,
#0298,루리리,노말,페어리,,,,,,,,0,
#0299,코코파스,바위,,,,,,,,,0,
#0300,에나비,노말,,,,,,,,,0,
#0301,델케티,노말,,,,,,,,,0,
#0302,깜까미,악,고스트,,,,,,,,0,
#0302,메가깜까미,악,고스트,,,,,,,,0,
#0303,입치트,강철,페어리,,,,,,,,0,
#0303,메가입치트,강철,페어리,,,,,,,,0,
#0304,가보리,강철,바위,,,,,,,,0,
#0305,갱도라,강철,바위,,,,,,,,0,
#0306,보스로라,강철,바위,,,,,,,,0,
#0306,메가보스로라,강철,,,,,,,,,0,
#0307,요가랑,격투,에스퍼,,,,,,,,0,
#0308,요가램,격투,에스퍼,,,,,,,,0,
#0308,메가요가램,격투,에스퍼,,,,,,,,0,
#0309,썬더라이,전기,,,,,,,,,0,
#0310,썬더볼트,전기,,,,,,,,,0,
#0310,메가썬더볼트,전기,,,,,,,,,0,
#0311,플러시,전기,,,,,,,,,0,
#0312,마이농,전기,,,,,,,,,0,
#0313,볼비트,벌레,,,,,,,,,0,
#0314,네오비트,벌레,,,,,,,,,0,
#0315,로젤리아,풀,독,,,,,,,,0,
#0316,꼴깍몬,독,,,,,,,,,0,
#0317,꿀꺽몬,독,,,,,,,,,0,
#0318,샤프니아,물,악,,,,,,,,0,
#0319,샤크니아,물,악,,,,,,,,0,
#0319,메가샤크니아,물,악,,,,,,,,0,
#0320,고래왕자,물,,,,,,,,,0,
#0321,고래왕,물,,,,,,,,,0,
#0322,둔타,불꽃,땅,,,,,,,,0,
#0323,폭타,불꽃,땅,,,,,,,,0,
#0323,메가폭타,불꽃,땅,,,,,,,,0,
#0324,코터스,불꽃,,,,,,,,,0,
#0325,피그점프,에스퍼,,,,,,,,,0,
#0326,피그킹,에스퍼,,,,,,,,,0,
#0327,얼루기,노말,,,,,,,,,0,
#0328,톱치,땅,,,,,,,,,0,
#0329,비브라바,땅,드래곤,,,,,,,,0,
#0330,플라이곤,땅,드래곤,,,,,,,,0,
#0331,선인왕,풀,,,,,,,,,0,
#0332,밤선인,풀,악,,,,,,,,0,
#0333,파비코,노말,비행,,,,,,,,0,
#0334,파비코리,드래곤,비행,,,,,,,,0,
#0334,메가파비코리,드래곤,페어리,,,,,,,,0,
#0335,쟝고,노말,,,,,,,,,0,
#0336,세비퍼,독,,,,,,,,,0,
#0337,루나톤,바위,에스퍼,,,,,,,,0,
#0338,솔록,바위,에스퍼,,,,,,,,0,
#0339,미꾸리,물,땅,,,,,,,,0,
#0340,메깅,물,땅,,,,,,,,0,
#0341,가재군,물,,,,,,,,,0,
#0342,가재장군,물,악,,,,,,,,0,
#0343,오뚝군,땅,에스퍼,,,,,,,,0,
#0344,점토도리,땅,에스퍼,,,,,,,,0,
#0345,릴링,바위,풀,,,,,,,,0,
#0346,릴리요,바위,풀,,,,,,,,0,
#0347,아노딥스,바위,벌레,,,,,,,,0,
#0348,아말도,바위,벌레,,,,,,,,0,
#0349,빈티나,물,,,,,,,,,0,
#0350,밀로틱,물,,,,,,,,,0,
#0351,캐스퐁,노말,,,,,,,,,0,
#0351,캐스퐁,불꽃,,,,,,,,,0,
#0351,캐스퐁,물,,,,,,,,,0,
#0351,캐스퐁,얼음,,,,,,,,,0,
#0352,켈리몬,노말,,,,,,,,,0,
#0353,어둠대신,고스트,,,,,,,,,0,
#0354,다크펫,고스트,,,,,,,,,0,
#0354,메가다크펫,고스트,,,,,,,,,0,
#0355,해골몽,고스트,,,,,,,,,0,
#0356,미라몽,고스트,,,,,,,,,0,
#0357,트로피우스,풀,비행,,,,,,,,0,
#0358,치렁,에스퍼,,,,,,,,,0,
#0359,앱솔,악,,,,,,,,,0,
#0359,메가앱솔,악,,,,,,,,,0,
#0360,마자,에스퍼,,,,,,,,,0,
#0361,눈꼬마,얼음,,,,,,,,,0,
#0362,얼음귀신,얼음,,,,,,,,,0,
#0362,메가얼음귀신,얼음,,,,,,,,,0,
#0363,대굴레오,얼음,물,,,,,,,,0,
#0364,씨레오,얼음,물,,,,,,,,0,
#0365,씨카이저,얼음,물,,,,,,,,0,
#0366,진주몽,물,,,,,,,,,0,
#0367,헌테일,물,,,,,,,,,0,
#0368,분홍장이,물,,,,,,,,,0,
#0369,시라칸,물,바위,,,,,,,,0,
#0370,사랑동이,물,,,,,,,,,0,
#0371,아공이,드래곤,,,,,,,,,0,
#0372,쉘곤,드래곤,,,,,,,,,0,
#0373,보만다,드래곤,비행,,,,,,,,0,
#0373,메가보만다,드래곤,비행,,,,,,,,0,
#0374,메탕,강철,에스퍼,,,,,,,,0,
#0375,메탕구,강철,에스퍼,,,,,,,,0,
#0376,메타그로스,강철,에스퍼,,,,,,,,0,
#0376,메가메타그로스,강철,에스퍼,,,,,,,,0,
#0377,레지락,바위,,,,,,,,,0,
#0378,레지아이스,얼음,,,,,,,,,0,
#0379,레지스틸,강철,,,,,,,,,0,
#0380,라티아스,드래곤,에스퍼,,,,,,,,0,
#0380,메가라티아스,드래곤,에스퍼,,,,,,,,0,
#0381,라티오스,드래곤,에스퍼,,,,,,,,0,
#0381,메가라티오스,드래곤,에스퍼,,,,,,,,0,
#0382,가이오가,물,,,,,,,,,0,
#0382,원시가이오가,물,,,,,,,,,0,
#0383,그란돈,땅,,,,,,,,,0,
#0383,원시그란돈,땅,불꽃,,,,,,,,0,
#0384,레쿠쟈,드래곤,비행,,,,,,,,0,
#0384,메가레쿠쟈,드래곤,비행,,,,,,,,0,
#0385,지라치,강철,에스퍼,,,,,,,,0,
#0386,테오키스,에스퍼,,,,,,,,,0,
#0386,테오키스,에스퍼,,,,,,,,,0,
#0386,테오키스,에스퍼,,,,,,,,,0,
#0386,테오키스,에스퍼,,,,,,,,,0,
#0387,모부기,풀,,,,,,,,,0,
#0388,수풀부기,풀,,,,,,,,,0,
#0389,토대부기,풀,땅,,,,,,,,0,
#0390,불꽃숭이,불꽃,,,,,,,,,0,
#0391,파이숭이,불꽃,격투,,,,,,,,0,
#0392,초염몽,불꽃,격투,,,,,,,,0,
#0393,팽도리,물,,,,,,,,,0,
#0394,팽태자,물,,,,,,,,,0,
#0395,엠페르트,물,강철,,,,,,,,0,
#0396,찌르꼬,노말,비행,,,,,,,,0,
#0397,찌르버드,노말,비행,,,,,,,,0,
#0398,찌르호크,노말,비행,,,,,,,,0,
#0399,비버니,노말,,,,,,,,,0,
#0400,비버통,노말,물,,,,,,,,0,
#0401,귀뚤뚜기,벌레,,,,,,,,,0,
#0402,귀뚤톡크,벌레,,,,,,,,,0,
#0403,꼬링크,전기,,,,,,,,,0,
#0404,럭시오,전기,,,,,,,,,0,
#0405,렌트라,전기,,,,,,,,,0,
#0406,꼬몽울,풀,독,,,,,,,,0,
#0407,로즈레이드,풀,독,,,,,,,,0,
#0408,두개도스,바위,,,,,,,,,0,
#0409,램펄드,바위,,,,,,,,,0,
#0410,방패톱스,바위,강철,,,,,,,,0,
#0411,바리톱스,바위,강철,,,,,,,,0,
#0412,도롱충이,벌레,,,,,,,,,0,
#0412,도롱충이,벌레,,,,,,,,,0,
#0412,도롱충이,벌레,,,,,,,,,0,
#0413,도롱마담,벌레,풀,,,,,,,,0,
#0413,도롱마담,벌레,땅,,,,,,,,0,
#0413,도롱마담,벌레,강철,,,,,,,,0,
#0414,나메일,벌레,비행,,,,,,,,0,
#0415,세꿀버리,벌레,비행,,,,,,,,0,
#0416,비퀸,벌레,비행,,,,,,,,0,
#0417,파치리스,전기,,,,,,,,,0,
#0418,브이젤,물,,,,,,,,,0,
#0419,플로젤,물,,,,,,,,,0,
#0420,체리버,풀,,,,,,,,,0,
#0421,체리꼬,풀,,,,,,,,,0,
#0422,깝질무,물,,,,,,,,,0,
#0422,깝질무,물,,,,,,,,,0,
#0423,트리토돈,물,땅,,,,,,,,0,
#0423,트리토돈,물,땅,,,,,,,,0,
#0424,겟핸보숭,노말,,,,,,,,,0,
#0425,흔들풍손,고스트,비행,,,,,,,,0,
#0426,둥실라이드,고스트,비행,,,,,,,,0,
#0427,이어롤,노말,,,,,,,,,0,
#0428,이어롭,노말,,,,,,,,,0,
#0428,메가이어롭,노말,격투,,,,,,,,0,
#0429,무우마직,고스트,,,,,,,,,0,
#0430,돈크로우,악,비행,,,,,,,,0,
#0431,나옹마,노말,,,,,,,,,0,
#0432,몬냥이,노말,,,,,,,,,0,
#0433,랑딸랑,에스퍼,,,,,,,,,0,
#0434,스컹뿡,독,악,,,,,,,,0,
#0435,스컹탱크,독,악,,,,,,,,0,
#0436,동미러,강철,에스퍼,,,,,,,,0,
#0437,동탁군,강철,에스퍼,,,,,,,,0,
#0438,꼬지지,바위,,,,,,,,,0,
#0439,흉내내,에스퍼,페어리,,,,,,,,0,
#0440,핑복,노말,,,,,,,,,0,
#0441,페라페,노말,비행,,,,,,,,0,
#0442,화강돌,고스트,악,,,,,,,,0,
#0443,딥상어동,드래곤,땅,,,,,,,,0,
#0444,한바이트,드래곤,땅,,,,,,,,0,
#0445,한카리아스,드래곤,땅,,,,,,,,0,
#0445,메가한카리아스,드래곤,땅,,,,,,,,0,
#0446,먹고자,노말,,,,,,,,,0,
#0447,리오르,격투,,,,,,,,,0,
#0448,루카리오,격투,강철,,,,,,,,0,
#0448,메가루카리오,격투,강철,,,,,,,,0,
#0449,히포포타스,땅,,,,,,,,,0,
#0450,하마돈,땅,,,,,,,,,0,
#0451,스콜피,독,벌레,,,,,,,,0,
#0452,드래피온,독,악,,,,,,,,0,
#0453,삐딱구리,독,격투,,,,,,,,0,
#0454,독개굴,독,격투,,,,,,,,0,
#0455,무스틈니,풀,,,,,,,,,0,
#0456,형광어,물,,,,,,,,,0,
#0457,네오라이트,물,,,,,,,,,0,
#0458,타만타,물,비행,,,,,,,,0,
#0459,눈쓰개,풀,얼음,,,,,,,,0,
#0460,눈설왕,풀,얼음,,,,,,,,0,
#0460,메가눈설왕,풀,얼음,,,,,,,,0,
#0461,포푸니라,악,얼음,,,,,,,,0,
#0462,자포코일,전기,강철,,,,,,,,0,
#0463,내룸벨트,노말,,,,,,,,,0,
#0464,거대코뿌리,땅,바위,,,,,,,,0,
#0465,덩쿠림보,풀,,,,,,,,,0,
#0466,에레키블,전기,,,,,,,,,0,
#0467,마그마번,불꽃,,,,,,,,,0,
#0468,토게키스,페어리,비행,,,,,,,,0,
#0469,메가자리,벌레,비행,,,,,,,,0,
#0470,리피아,풀,,,,,,,,,0,
#0471,글레이시아,얼음,,,,,,,,,0,
#0472,글라이온,땅,비행,,,,,,,,0,
#0473,맘모꾸리,얼음,땅,,,,,,,,0,
#0474,폴리곤Z,노말,,,,,,,,,0,
#0475,엘레이드,에스퍼,격투,,,,,,,,0,
#0475,메가엘레이드,에스퍼,격투,,,,,,,,0,
#0476,대코파스,바위,강철,,,,,,,,0,
#0477,야느와르몽,고스트,,,,,,,,,0,
#0478,눈여아,얼음,고스트,,,,,,,,0,
#0479,로토무,전기,고스트,,,,,,,,0,
#0479,로토무,전기,불꽃,,,,,,,,0,
#0479,로토무,전기,물,,,,,,,,0,
#0479,로토무,전기,얼음,,,,,,,,0,
#0479,로토무,전기,비행,,,,,,,,0,
#0479,로토무,전기,풀,,,,,,,,0,
#0480,유크시,에스퍼,,,,,,,,,0,
#0481,엠라이트,에스퍼,,,,,,,,,0,
#0482,아그놈,에스퍼,,,,,,,,,0,
#0483,디아루가,강철,드래곤,,,,,,,,0,
#0483,디아루가,강철,드래곤,,,,,,,,0,
#0484,펄기아,물,드래곤,,,,,,,,0,
#0484,펄기아,물,드래곤,,,,,,,,0,
#0485,히드런,불꽃,강철,,,,,,,,0,
#0486,레지기가스,노말,,,,,,,,,0,
#0487,기라티나,고스트,드래곤,,,,,,,,0,
#0487,기라티나,고스트,드래곤,,,,,,,,0,
#0488,크레세리아,에스퍼,,,,,,,,,0,
#0489,피오네,물,,,,,,,,,0,
#0490,마나피,물,,,,,,,,,0,
#0491,다크라이,악,,,,,,,,,0,
#0492,쉐이미,풀,,,,,,,,,0,
#0492,쉐이미,풀,비행,,,,,,,,0,
#0493,아르세우스,노말,,,,,,,,,0,
#0494,비크티니,에스퍼,불꽃,,,,,,,,0,
#0495,주리비얀,풀,,,,,,,,,0,
#0496,샤비,풀,,,,,,,,,0,
#0497,샤로다,풀,,,,,,,,,0,
#0498,뚜꾸리,불꽃,,,,,,,,,0,
#0499,차오꿀,불꽃,격투,,,,,,,,0,
#0500,염무왕,불꽃,격투,,,,,,,,0,
#0501,수댕이,물,,,,,,,,,0,
#0502,쌍검자비,물,,,,,,,,,0,
#0503,대검귀,물,,,,,,,,,0,
#0503,대검귀,물,악,,,,,,,,0,
#0504,보르쥐,노말,,,,,,,,,0,
#0505,보르그,노말,,,,,,,,,0,
#0506,요테리,노말,,,,,,,,,0,
#0507,하데리어,노말,,,,,,,,,0,
#0508,바랜드,노말,,,,,,,,,0,
#0509,쌔비냥,악,,,,,,,,,0,
#0510,레파르다스,악,,,,,,,,,0,
#0511,야나프,풀,,,,,,,,,0,
#0512,야나키,풀,,,,,,,,,0,
#0513,바오프,불꽃,,,,,,,,,0,
#0514,바오키,불꽃,,,,,,,,,0,
#0515,앗차프,물,,,,,,,,,0,
#0516,앗차키,물,,,,,,,,,0,
#0517,몽나,에스퍼,,,,,,,,,0,
#0518,몽얌나,에스퍼,,,,,,,,,0,
#0519,콩둘기,노말,비행,,,,,,,,0,
#0520,유토브,노말,비행,,,,,,,,0,
#0521,켄호로우,노말,비행,,,,,,,,0,
#0521,켄호로우,노말,비행,,,,,,,,0,
#0522,줄뮤마,전기,,,,,,,,,0,
#0523,제브라이카,전기,,,,,,,,,0,
#0524,단굴,바위,,,,,,,,,0,
#0525,암트르,바위,,,,,,,,,0,
#0526,기가이어스,바위,,,,,,,,,0,
#0527,또르박쥐,에스퍼,비행,,,,,,,,0,
#0528,맘박쥐,에스퍼,비행,,,,,,,,0,
#0529,두더류,땅,,,,,,,,,0,
#0530,몰드류,땅,강철,,,,,,,,0,
#0531,다부니,노말,,,,,,,,,0,
#0531,메가다부니,노말,페어리,,,,,,,,0,
#0532,으랏차,격투,,,,,,,,,0,
#0533,토쇠골,격투,,,,,,,,,0,
#0534,노보청,격투,,,,,,,,,0,
#0535,동챙이,물,,,,,,,,,0,
#0536,두까비,물,땅,,,,,,,,0,
#0537,두빅굴,물,땅,,,,,,,,0,
#0538,던지미,격투,,,,,,,,,0,
#0539,타격귀,격투,,,,,,,,,0,
#0540,두르보,벌레,풀,,,,,,,,0,
#0541,두르쿤,벌레,풀,,,,,,,,0,
#0542,모아머,벌레,풀,,,,,,,,0,
#0543,마디네,벌레,독,,,,,,,,0,
#0544,휠구,벌레,독,,,,,,,,0,
#0545,펜드라,벌레,독,,,,,,,,0,
#0546,소미안,풀,페어리,,,,,,,,0,
#0547,엘풍,풀,페어리,,,,,,,,0,
#0548,치릴리,풀,,,,,,,,,0,
#0549,드레디어,풀,,,,,,,,,0,
#0549,드레디어,풀,격투,,,,,,,,0,
#0550,배쓰나이,물,,,,,,,,,0,
#0550,배쓰나이,물,,,,,,,,,0,
#0550,배쓰나이,물,,,,,,,,,0,
#0551,깜눈크,땅,악,,,,,,,,0,
#0552,악비르,땅,악,,,,,,,,0,
#0553,악비아르,땅,악,,,,,,,,0,
#0554,달막화,불꽃,,,,,,,,,0,
#0554,달막화,얼음,,,,,,,,,0,
#0555,불비달마,불꽃,,,,,,,,,0,
#0555,불비달마,불꽃,에스퍼,,,,,,,,0,
#0555,불비달마,얼음,,,,,,,,,0,
#0555,불비달마,얼음,불꽃,,,,,,,,0,
#0556,마라카치,풀,,,,,,,,,0,
#0557,돌살이,벌레,바위,,,,,,,,0,
#0558,암팰리스,벌레,바위,,,,,,,,0,
#0559,곤율랭,악,격투,,,,,,,,0,
#0560,곤율거니,악,격투,,,,,,,,0,
#0561,심보러,에스퍼,비행,,,,,,,,0,
#0562,데스마스,고스트,,,,,,,,,0,
#0562,데스마스,땅,고스트,,,,,,,,0,
#0563,데스니칸,고스트,,,,,,,,,0,
#0564,프로토가,물,바위,,,,,,,,0,
#0565,늑골라,물,바위,,,,,,,,0,
#0566,아켄,바위,비행,,,,,,,,0,
#0567,아케오스,바위,비행,,,,,,,,0,
#0568,깨봉이,독,,,,,,,,,0,
#0569,더스트나,독,,,,,,,,,0,
#0570,조로아,악,,,,,,,,,0,
#0570,조로아,노말,고스트,,,,,,,,0,
#0571,조로아크,악,,,,,,,,,0,
#0571,조로아크,노말,고스트,,,,,,,,0,
#0572,치라미,노말,,,,,,,,,0,
#0573,치라치노,노말,,,,,,,,,0,
#0574,고디탱,에스퍼,,,,,,,,,0,
#0575,고디보미,에스퍼,,,,,,,,,0,
#0576,고디모아젤,에스퍼,,,,,,,,,0,
#0577,유니란,에스퍼,,,,,,,,,0,
#0578,듀란,에스퍼,,,,,,,,,0,
#0579,란쿨루스,에스퍼,,,,,,,,,0,
#0580,꼬지보리,물,비행,,,,,,,,0,
#0581,스완나,물,비행,,,,,,,,0,
#0582,바닐프티,얼음,,,,,,,,,0,
#0583,바닐리치,얼음,,,,,,,,,0,
#0584,배바닐라,얼음,,,,,,,,,0,
#0585,사철록,노말,풀,,,,,,,,0,
#0586,바라철록,노말,풀,,,,,,,,0,
#0587,에몽가,전기,비행,,,,,,,,0,
#0588,딱정곤,벌레,,,,,,,,,0,
#0589,슈바르고,벌레,강철,,,,,,,,0,
#0590,깜놀버슬,풀,독,,,,,,,,0,
#0591,뽀록나,풀,독,,,,,,,,0,
#0592,탱그릴,물,고스트,,,,,,,,0,
#0592,탱그릴,물,고스트,,,,,,,,0,
#0593,탱탱겔,물,고스트,,,,,,,,0,
#0593,탱탱겔,물,고스트,,,,,,,,0,
#0594,맘복치,물,,,,,,,,,0,
#0595,파쪼옥,벌레,전기,,,,,,,,0,
#0596,전툴라,벌레,전기,,,,,,,,0,
#0597,철시드,풀,강철,,,,,,,,0,
#0598,너트령,풀,강철,,,,,,,,0,
#0599,기어르,강철,,,,,,,,,0,
#0600,기기어르,강철,,,,,,,,,0,
#0601,기기기어르,강철,,,,,,,,,0,
#0602,저리어,전기,,,,,,,,,0,
#0603,저리릴,전기,,,,,,,,,0,
#0604,저리더프,전기,,,,,,,,,0,
#0605,리그레,에스퍼,,,,,,,,,0,
#0606,벰크,에스퍼,,,,,,,,,0,
#0607,불켜미,고스트,불꽃,,,,,,,,0,
#0608,램프라,고스트,불꽃,,,,,,,,0,
#0609,샹델라,고스트,불꽃,,,,,,,,0,
#0610,터검니,드래곤,,,,,,,,,0,
#0611,액슨도,드래곤,,,,,,,,,0,
#0612,액스라이즈,드래곤,,,,,,,,,0,
#0613,코고미,얼음,,,,,,,,,0,
#0614,툰베어,얼음,,,,,,,,,0,
#0615,프리지오,얼음,,,,,,,,,0,
#0616,쪼마리,벌레,,,,,,,,,0,
#0617,어지리더,벌레,,,,,,,,,0,
#0618,메더,땅,전기,,,,,,,,0,
#0618,메더,땅,강철,,,,,,,,0,
#0619,비조푸,격투,,,,,,,,,0,
#0620,비조도,격투,,,,,,,,,0,
#0621,크리만,드래곤,,,,,,,,,0,
#0622,골비람,땅,고스트,,,,,,,,0,
#0623,골루그,땅,고스트,,,,,,,,0,
#0624,자망칼,악,강철,,,,,,,,0,
#0625,절각참,악,강철,,,,,,,,0,
#0626,버프론,노말,,,,,,,,,0,
#0627,수리둥보,노말,비행,,,,,,,,0,
#0628,워글,노말,비행,,,,,,,,0,
#0628,워글,에스퍼,비행,,,,,,,,0,
#0629,벌차이,악,비행,,,,,,,,0,
#0630,버랜지나,악,비행,,,,,,,,0,
#0631,앤티골,불꽃,,,,,,,,,0,
#0632,아이앤트,벌레,강철,,,,,,,,0,
#0633,모노두,악,드래곤,,,,,,,,0,
#0634,디헤드,악,드래곤,,,,,,,,0,
#0635,삼삼드래,악,드래곤,,,,,,,,0,
#0636,활화르바,벌레,불꽃,,,,,,,,0,
#0637,불카모스,벌레,불꽃,,,,,,,,0,
#0638,코바르온,강철,격투,,,,,,,,0,
#0639,테라키온,바위,격투,,,,,,,,0,
#0640,비리디온,풀,격투,,,,,,,,0,
#0641,토네로스,비행,,,,,,,,,0,
#0641,토네로스,비행,,,,,,,,,0,
#0642,볼트로스,전기,비행,,,,,,,,0,
#0642,볼트로스,전기,비행,,,,,,,,0,
#0643,레시라무,드래곤,불꽃,,,,,,,,0,
#0644,제크로무,드래곤,전기,,,,,,,,0,
#0645,랜드로스,땅,비행,,,,,,,,0,
#0645,랜드로스,땅,비행,,,,,,,,0,
#0646,큐레무,드래곤,얼음,,,,,,,,0,
#0646,큐레무,드래곤,얼음,,,,,,,,0,
#0646,큐레무,드래곤,얼음,,,,,,,,0,
#0647,케르디오,물,격투,,,,,,,,0,
#0648,메로엣타,노말,에스퍼,,,,,,,,0,
#0648,메로엣타,노말,격투,,,,,,,,0,
#0649,게노세크트,벌레,강철,,,,,,,,0,
#0650,도치마론,풀,,,,,,,,,0,
#0651,도치보구,풀,,,,,,,,,0,
#0652,브리가론,풀,격투,,,,,,,,0,
#0653,푸호꼬,불꽃,,,,,,,,,0,
#0654,테르나,불꽃,,,,,,,,,0,
#0655,마폭시,불꽃,에스퍼,,,,,,,,0,
#0656,개구마르,물,,,,,,,,,0,
#0657,개굴반장,물,,,,,,,,,0,
#0658,개굴닌자,물,악,,,,,,,,0,
#0659,파르빗,노말,,,,,,,,,0,
#0660,파르토,노말,땅,,,,,,,,0,
#0661,화살꼬빈,노말,비행,,,,,,,,0,
#0662,불화살빈,불꽃,비행,,,,,,,,0,
#0663,파이어로,불꽃,비행,,,,,,,,0,
#0664,분이벌레,벌레,,,,,,,,,0,
#0665,분떠도리,벌레,,,,,,,,,0,
#0666,비비용,벌레,비행,,,,,,,,0,
#0667,레오꼬,불꽃,노말,,,,,,,,0,
#0668,화염레오,불꽃,노말,,,,,,,,0,
#0669,플라베베,페어리,,,,,,,,,0,
#0670,플라엣테,페어리,,,,,,,,,0,
#0671,플라제스,페어리,,,,,,,,,0,
#0672,메이클,풀,,,,,,,,,0,
#0673,고고트,풀,,,,,,,,,0,
#0674,판짱,격투,,,,,,,,,0,
#0675,부란다,격투,악,,,,,,,,0,
#0676,트리미앙,노말,,,,,,,,,0,
#0677,냐스퍼,에스퍼,,,,,,,,,0,
#0678,냐오닉스,에스퍼,,,,,,,,,0,
#0679,단칼빙,강철,고스트,,,,,,,,0,
#0680,쌍검킬,강철,고스트,,,,,,,,0,
#0681,킬가르도,강철,고스트,,,,,,,,0,
#0682,슈쁘,페어리,,,,,,,,,0,
#0683,프레프티르,페어리,,,,,,,,,0,
#0684,나룸퍼프,페어리,,,,,,,,,0,
#0685,나루림,페어리,,,,,,,,,0,
#0686,오케이징,악,에스퍼,,,,,,,,0,
#0687,칼라마네로,악,에스퍼,,,,,,,,0,
#0688,거북손손,바위,물,,,,,,,,0,
#0689,거북손데스,바위,물,,,,,,,,0,
#0690,수레기,독,물,,,,,,,,0,
#0691,드래캄,독,드래곤,,,,,,,,0,
#0692,완철포,물,,,,,,,,,0,
#0693,블로스터,물,,,,,,,,,0,
#0694,목도리키텔,전기,노말,,,,,,,,0,
#0695,일레도리자드,전기,노말,,,,,,,,0,
#0696,티고라스,바위,드래곤,,,,,,,,0,
#0697,견고라스,바위,드래곤,,,,,,,,0,
#0698,아마루스,바위,얼음,,,,,,,,0,
#0699,아마루르가,바위,얼음,,,,,,,,0,
#0700,님피아,페어리,,,,,,,,,0,
#0701,루차불,격투,비행,,,,,,,,0,
#0702,데덴네,전기,페어리,,,,,,,,0,
#0703,멜리시,바위,페어리,,,,,,,,0,
#0704,미끄메라,드래곤,,,,,,,,,0,
#0705,미끄네일,드래곤,,,,,,,,,0,
#0705,미끄네일,드래곤,강철,,,,,,,,0,
#0706,미끄래곤,드래곤,,,,,,,,,0,
#0706,미끄래곤,드래곤,강철,,,,,,,,0,
#0707,클레피,강철,페어리,,,,,,,,0,
#0708,나목령,고스트,풀,,,,,,,,0,
#0709,대로트,고스트,풀,,,,,,,,0,
#0710,호바귀,고스트,풀,,,,,,,,0,
#0711,펌킨인,고스트,풀,,,,,,,,0,
#0712,꽁어름,얼음,,,,,,,,,0,
#0713,크레베이스,얼음,,,,,,,,,0,
#0713,크레베이스,얼음,바위,,,,,,,,0,
#0714,음뱃,비행,드래곤,,,,,,,,0,
#0715,음번,비행,드래곤,,,,,,,,0,
#0716,제르네아스,페어리,,,,,,,,,0,
#0717,이벨타르,악,비행,,,,,,,,0,
#0718,지가르데,드래곤,땅,,,,,,,,0,
#0719,디안시,바위,페어리,,,,,,,,0,
#0719,메가디안시,바위,페어리,,,,,,,,0,
#0720,후파,에스퍼,고스트,,,,,,,,0,
#0720,후파,에스퍼,악,,,,,,,,0,
#0721,볼케니온,불꽃,물,,,,,,,,0,
#0722,나몰빼미,풀,비행,,,,,,,,0,
#0723,빼미스로우,풀,비행,,,,,,,,0,
#0724,모크나이퍼,풀,고스트,,,,,,,,0,
#0724,모크나이퍼,풀,격투,,,,,,,,0,
#0725,냐오불,불꽃,,,,,,,,,0,
#0726,냐오히트,불꽃,,,,,,,,,0,
#0727,어흥염,불꽃,악,,,,,,,,0,
#0728,누리공,물,,,,,,,,,0,
#0729,키요공,물,,,,,,,,,0,
#0730,누리레느,물,페어리,,,,,,,,0,
#0731,콕코구리,노말,비행,,,,,,,,0,
#0732,크라파,노말,비행,,,,,,,,0,
#0733,왕큰부리,노말,비행,,,,,,,,0,
#0734,영구스,노말,,,,,,,,,0,
#0735,형사구스,노말,,,,,,,,,0,
#0736,턱지충이,벌레,,,,,,,,,0,
#0737,전지충이,벌레,전기,,,,,,,,0,
#0738,투구뿌논,벌레,전기,,,,,,,,0,
#0739,오기지게,격투,,,,,,,,,0,
#0740,모단단게,격투,얼음,,,,,,,,0,
#0741,춤추새,불꽃,비행,,,,,,,,0,
#0741,춤추새,전기,비행,,,,,,,,0,
#0741,춤추새,에스퍼,비행,,,,,,,,0,
#0741,춤추새,고스트,비행,,,,,,,,0,
#0742,에블리,벌레,페어리,,,,,,,,0,
#0743,에리본,벌레,페어리,,,,,,,,0,
#0744,암멍이,바위,,,,,,,,,0,
#0745,루가루암,바위,,,,,,,,,0,
#0745,루가루암,바위,,,,,,,,,0,
#0745,루가루암,바위,,,,,,,,,0,
#0746,약어리,물,,,,,,,,,0,
#0746,약어리,물,,,,,,,,,0,
#0747,시마사리,독,물,,,,,,,,0,
#0748,더시마사리,독,물,,,,,,,,0,
#0749,머드나기,땅,,,,,,,,,0,
#0750,만마드,땅,,,,,,,,,0,
#0751,물거미,물,벌레,,,,,,,,0,
#0752,깨비물거미,물,벌레,,,,,,,,0,
#0753,짜랑랑,풀,,,,,,,,,0,
#0754,라란티스,풀,,,,,,,,,0,
#0755,자마슈,풀,페어리,,,,,,,,0,
#0756,마셰이드,풀,페어리,,,,,,,,0,
#0757,야도뇽,독,불꽃,,,,,,,,0,
#0758,염뉴트,독,불꽃,,,,,,,,0,
#0759,포곰곰,노말,격투,,,,,,,,0,
#0760,이븐곰,노말,격투,,,,,,,,0,
#0761,달콤아,풀,,,,,,,,,0,
#0762,달무리나,풀,,,,,,,,,0,
#0763,달코퀸,풀,,,,,,,,,0,
#0764,큐아링,페어리,,,,,,,,,0,
#0765,하랑우탄,노말,에스퍼,,,,,,,,0,
#0766,내던숭이,격투,,,,,,,,,0,
#0767,꼬시레,벌레,물,,,,,,,,0,
#0768,갑주무사,벌레,물,,,,,,,,0,
#0769,모래꿍,고스트,땅,,,,,,,,0,
#0770,모래성이당,고스트,땅,,,,,,,,0,
#0771,해무기,물,,,,,,,,,0,
#0772,타입:널,노말,,,,,,,,,0,
#0773,실버디,노말,,,,,,,,,0,
#0774,메테노,바위,비행,,,,,,,,0,
#0774,메테노,바위,비행,,,,,,,,0,
#0775,자말라,노말,,,,,,,,,0,
#0776,폭거북스,불꽃,드래곤,,,,,,,,0,
#0777,토게데마루,전기,강철,,,,,,,,0,
#0778,따라큐,고스트,페어리,,,,,,,,0,
#0779,치갈기,물,에스퍼,,,,,,,,0,
#0780,할비롱,노말,드래곤,,,,,,,,0,
#0781,타타륜,고스트,풀,,,,,,,,0,
#0782,짜랑꼬,드래곤,,,,,,,,,0,
#0783,짜랑고우,드래곤,격투,,,,,,,,0,
#0784,짜랑고우거,드래곤,격투,,,,,,,,0,
#0785,카푸꼬꼬꼭,전기,페어리,,,,,,,,0,
#0786,카푸나비나,에스퍼,페어리,,,,,,,,0,
#0787,카푸브루루,풀,페어리,,,,,,,,0,
#0788,카푸느지느,물,페어리,,,,,,,,0,
#0789,코스모그,에스퍼,,,,,,,,,0,
#0790,코스모움,에스퍼,,,,,,,,,0,
#0791,솔가레오,에스퍼,강철,,,,,,,,0,
#0792,루나아라,에스퍼,고스트,,,,,,,,0,
#0793,텅비드,바위,독,,,,,,,,0,
#0794,매시붕,벌레,격투,,,,,,,,0,
#0795,페로코체,벌레,격투,,,,,,,,0,
#0796,전수목,전기,,,,,,,,,0,
#0797,철화구야,강철,비행,,,,,,,,0,
#0798,종이신도,풀,강철,,,,,,,,0,
#0799,악식킹,악,드래곤,,,,,,,,0,
#0800,네크로즈마,에스퍼,,,,,,,,,0,
#0800,네크로즈마,에스퍼,강철,,,,,,,,0,
#0800,네크로즈마,에스퍼,고스트,,,,,,,,0,
#0800,네크로즈마,에스퍼,드래곤,,,,,,,,0,
#0801,마기아나,강철,페어리,,,,,,,,0,
#0802,마샤도,격투,고스트,,,,,,,,0,
#0803,베베놈,독,,,,,,,,,0,
#0804,아고용,독,드래곤,,,,,,,,0,
#0805,차곡차곡,바위,강철,,,,,,,,0,
#0806,두파팡,불꽃,고스트,,,,,,,,0,
#0807,제라오라,전기,,,,,,,,,0,
#0808,멜탄,강철,,,,,,,,,0,
#0809,멜메탈,강철,,,,,,,,,0,
#0810,흥나숭,풀,,,,,,,,,0,
#0811,채키몽,풀,,,,,,,,,0,
#0812,고릴타,풀,,,,,,,,,0,
#0813,염버니,불꽃,,,,,,,,,0,
#0814,래비풋,불꽃,,,,,,,,,0,
#0815,에이스번,불꽃,,,,,,,,,0,
#0816,울머기,물,,,,,,,,,0,
#0817,누겔레온,물,,,,,,,,,0,
#0818,인텔리레온,물,,,,,,,,,0,
#0819,탐리스,노말,,,,,,,,,0,
#0820,요씽리스,노말,,,,,,,,,0,
#0821,파라꼬,비행,,,,,,,,,0,
#0822,파크로우,비행,,,,,,,,,0,
#0823,아머까오,비행,강철,,,,,,,,0,
#0824,두루지벌레,벌레,,,,,,,,,0,
#0825,레돔벌레,벌레,에스퍼,,,,,,,,0,
#0826,이올브,벌레,에스퍼,,,,,,,,0,
#0827,훔처우,악,,,,,,,,,0,
#0828,폭슬라이,악,,,,,,,,,0,
#0829,꼬모카,풀,,,,,,,,,0,
#0830,백솜모카,풀,,,,,,,,,0,
#0831,우르,노말,,,,,,,,,0,
#0832,배우르,노말,,,,,,,,,0,
#0833,깨물부기,물,,,,,,,,,0,
#0834,갈가부기,물,바위,,,,,,,,0,
#0835,멍파치,전기,,,,,,,,,0,
#0836,펄스멍,전기,,,,,,,,,0,
#0837,탄동,바위,,,,,,,,,0,
#0838,탄차곤,바위,불꽃,,,,,,,,0,
#0839,석탄산,바위,불꽃,,,,,,,,0,
#0840,과사삭벌레,풀,드래곤,,,,,,,,0,
#0841,애프룡,풀,드래곤,,,,,,,,0,
#0842,단지래플,풀,드래곤,,,,,,,,0,
#0843,모래뱀,땅,,,,,,,,,0,
#0844,사다이사,땅,,,,,,,,,0,
#0845,윽우지,비행,물,,,,,,,,0,
#0846,찌로꼬치,물,,,,,,,,,0,
#0847,꼬치조,물,,,,,,,,,0,
#0848,일레즌,전기,독,,,,,,,,0,
#0849,스트린더,전기,독,,,,,,,,0,
#0850,태우지네,불꽃,벌레,,,,,,,,0,
#0851,다태우지네,불꽃,벌레,,,,,,,,0,
#0852,때때무노,격투,,,,,,,,,0,
#0853,케오퍼스,격투,,,,,,,,,0,
#0854,데인차,고스트,,,,,,,,,0,
#0855,포트데스,고스트,,,,,,,,,0,
#0856,몸지브림,에스퍼,,,,,,,,,0,
#0857,손지브림,에스퍼,,,,,,,,,0,
#0858,브리무음,에스퍼,페어리,,,,,,,,0,
#0859,메롱꿍,악,페어리,,,,,,,,0,
#0860,쏘겨모,악,페어리,,,,,,,,0,
#0861,오롱털,악,페어리,,,,,,,,0,
#0862,가로막구리,악,노말,,,,,,,,0,
#0863,나이킹,강철,,,,,,,,,0,
#0864,산호르곤,고스트,,,,,,,,,0,
#0865,창파나이트,격투,,,,,,,,,0,
#0866,마임꽁꽁,얼음,에스퍼,,,,,,,,0,
#0867,데스판,땅,고스트,,,,,,,,0,
#0868,마빌크,페어리,,,,,,,,,0,
#0869,마휘핑,페어리,,,,,,,,,0,
#0870,대여르,격투,,,,,,,,,0,
#0871,찌르성게,전기,,,,,,,,,0,
#0872,누니머기,얼음,벌레,,,,,,,,0,
#0873,모스노우,얼음,벌레,,,,,,,,0,
#0874,돌헨진,바위,,,,,,,,,0,
#0875,빙큐보,얼음,,,,,,,,,0,
#0876,에써르,에스퍼,노말,,,,,,,,0,
#0877,모르페코,전기,악,,,,,,,,0,
#0878,끼리동,강철,,,,,,,,,0,
#0879,대왕끼리동,강철,,,,,,,,,0,
#0880,파치래곤,전기,드래곤,,,,,,,,0,
#0881,파치르돈,전기,얼음,,,,,,,,0,
#0882,어래곤,물,드래곤,,,,,,,,0,
#0883,어치르돈,물,얼음,,,,,,,,0,
#0884,두랄루돈,강철,드래곤,,,,,,,,0,
#0885,드라꼰,드래곤,고스트,,,,,,,,0,
#0886,드래런치,드래곤,고스트,,,,,,,,0,
#0887,드래펄트,드래곤,고스트,,,,,,,,0,
#0888,자시안,페어리,,,,,,,,,0,
#0888,자시안,페어리,강철,,,,,,,,0,
#0889,자마젠타,격투,,,,,,,,,0,
#0889,자마젠타,격투,강철,,,,,,,,0,
#0890,무한다이노,독,드래곤,,,,,,,,0,
#0891,치고마,격투,,,,,,,,,0,
#0892,우라오스,격투,악,,,,,,,,0,
#0892,우라오스,격투,물,,,,,,,,0,
#0893,자루도,악,풀,,,,,,,,0,
#0894,레지에레키,전기,,,,,,,,,0,
#0895,레지드래고,드래곤,,,,,,,,,0,
#0896,블리자포스,얼음,,,,,,,,,0,
#0897,레이스포스,고스트,,,,,,,,,0,
#0898,버드렉스,에스퍼,풀,,,,,,,,0,
#0898,버드렉스,에스퍼,얼음,,,,,,,,0,
#0898,버드렉스,에스퍼,고스트,,,,,,,,0,
#0899,신비록,노말,에스퍼,,,,,,,,0,
#0900,사마자르,벌레,바위,,,,,,,,0,
#0901,다투곰,땅,노말,,,,,,,,0,
#0901,다투곰,땅,노말,,,,,,,,0,
#0902,대쓰여너,물,고스트,,,,,,,,0,
#0903,포푸니크,격투,독,,,,,,,,0,
#0904,장침바루,악,독,,,,,,,,0,
#0905,러브로스,페어리,비행,,,,,,,,0,
#0905,러브로스,페어리,비행,,,,,,,,0,
#0906,나오하,풀,,,,,,,,,0,
#0907,나로테,풀,,,,,,,,,0,
#0908,마스카나,풀,악,,,,,,,,0,
#0909,뜨아거,불꽃,,,,,,,,,0,
#0910,악뜨거,불꽃,,,,,,,,,0,
#0911,라우드본,불꽃,고스트,,,,,,,,0,
#0912,꾸왁스,물,,,,,,,,,0,
#0913,아꾸왁,물,,,,,,,,,0,
#0914,웨이니발,물,격투,,,,,,,,0,
#0915,맛보돈,노말,,,,,,,,,0,
#0916,퍼퓨돈,노말,,,,,,,,,0,
#0917,타랜툴라,벌레,,,,,,,,,0,
#0918,트래피더,벌레,,,,,,,,,0,
#0919,콩알뚜기,벌레,,,,,,,,,0,
#0920,엑스레그,벌레,악,,,,,,,,0,
#0921,빠모,전기,,,,,,,,,0,
#0922,빠모트,전기,격투,,,,,,,,0,
#0923,빠르모트,전기,격투,,,,,,,,0,
#0924,두리쥐,노말,,,,,,,,,0,
#0925,파밀리쥐,노말,,,,,,,,,0,
#0926,쫀도기,페어리,,,,,,,,,0,
#0927,바우첼,페어리,,,,,,,,,0,
#0928,미니브,풀,노말,,,,,,,,0,
#0929,올리뇨,풀,노말,,,,,,,,0,
#0930,올리르바,풀,노말,,,,,,,,0,
#0931,시비꼬,노말,비행,,,,,,,,0,
#0932,베베솔트,바위,,,,,,,,,0,
#0933,스태솔트,바위,,,,,,,,,0,
#0934,콜로솔트,바위,,,,,,,,,0,
#0935,카르본,불꽃,,,,,,,,,0,
#0936,카디나르마,불꽃,에스퍼,,,,,,,,0,
#0937,파라블레이즈,불꽃,고스트,,,,,,,,0,
#0938,빈나두,전기,,,,,,,,,0,
#0939,찌리배리,전기,,,,,,,,,0,
#0940,찌리비,전기,비행,,,,,,,,0,
#0941,찌리비크,전기,비행,,,,,,,,0,
#0942,오라티프,악,,,,,,,,,0,
#0943,마피티프,악,,,,,,,,,0,
#0944,땃쭈르,독,노말,,,,,,,,0,
#0945,태깅구르,독,노말,,,,,,,,0,
#0946,그푸리,풀,고스트,,,,,,,,0,
#0947,공푸리,풀,고스트,,,,,,,,0,
#0948,들눈해,땅,풀,,,,,,,,0,
#0949,육파리,땅,풀,,,,,,,,0,
#0950,절벼게,바위,,,,,,,,,0,
#0951,캡싸이,풀,,,,,,,,,0,
#0952,스코빌런,풀,불꽃,,,,,,,,0,
#0953,구르데,벌레,,,,,,,,,0,
#0954,베라카스,벌레,에스퍼,,,,,,,,0,
#0955,하느라기,에스퍼,,,,,,,,,0,
#0956,클레스퍼트라,에스퍼,,,,,,,,,0,
#0957,어리짱,페어리,강철,,,,,,,,0,
#0958,벼리짱,페어리,강철,,,,,,,,0,
#0959,두드리짱,페어리,강철,,,,,,,,0,
#0960,바다그다,물,,,,,,,,,0,
#0961,바닥트리오,물,,,,,,,,,0,
#0962,떨구새,비행,악,,,,,,,,0,
#0963,맨돌핀,물,,,,,,,,,0,
#0964,돌핀맨,물,,,,,,,,,0,
#0964,돌핀맨,물,,,,,,,,,0,
#0965,부르롱,독,강철,,,,,,,,0,
#0966,부르르룸,독,강철,,,,,,,,0,
#0967,모토마,드래곤,노말,,,,,,,,0,
#0968,꿈트렁,강철,,,,,,,,,0,
#0969,초롱순,바위,독,,,,,,,,0,
#0970,킬라플로르,바위,독,,,,,,,,0,
#0971,망망이,고스트,,,,,,,,,0,
#0972,묘두기,고스트,,,,,,,,,0,
#0973,꼬이밍고,비행,격투,,,,,,,,0,
#0974,터벅고래,얼음,,,,,,,,,0,
#0975,우락고래,얼음,,,,,,,,,0,
#0976,가비루사,물,에스퍼,,,,,,,,0,
#0977,어써러셔,물,,,,,,,,,0,
#0978,싸리용,드래곤,물,,,,,,,,0,
#0979,저승갓숭,격투,고스트,,,,,,,,0,
#0980,토오,독,땅,,,,,,,,0,
#0981,키키링,노말,에스퍼,,,,,,,,0,
#0982,노고고치,노말,,,,,,,,,0,
#0983,대도각참,악,강철,,,,,,,,0,
#0984,위대한엄니,땅,격투,,,,,,,,0,
#0985,우렁찬꼬리,페어리,에스퍼,,,,,,,,0,
#0986,사나운버섯,풀,악,,,,,,,,0,
#0987,날개치는머리,고스트,페어리,,,,,,,,0,
#0988,땅을기는날개,벌레,격투,,,,,,,,0,
#0989,모래털가죽,전기,땅,,,,,,,,0,
#0990,무쇠바퀴,땅,강철,,,,,,,,0,
#0991,무쇠보따리,얼음,물,,,,,,,,0,
#0992,무쇠손,격투,전기,,,,,,,,0,
#0993,무쇠머리,악,비행,,,,,,,,0,
#0994,무쇠독나방,불꽃,독,,,,,,,,0,
#0995,무쇠가시,바위,전기,,,,,,,,0,
#0996,드니차,드래곤,얼음,,,,,,,,0,
#0997,드니꽁,드래곤,얼음,,,,,,,,0,
#0998,드닐레이브,드래곤,얼음,,,,,,,,0,
#0999,모으령,고스트,,,,,,,,,0,
#1000,타부자고,강철,고스트,,,,,,,,0,
#1001,총지엔,악,풀,,,,,,,,0,
#1002,파오젠,악,얼음,,,,,,,,0,
#1003,딩루,악,땅,,,,,,,,0,
#1004,위유이,악,불꽃,,,,,,,,0,
#1005,고동치는달,드래곤,악,,,,,,,,0,
#1006,무쇠무인,페어리,격투,,,,,,,,0,
#1007,코라이돈,격투,드래곤,,,,,,,,0,
#1008,미라이돈,전기,드래곤,,,,,,,,0,
#1009,굽이치는물결,물,드래곤,,,,,,,,0,
#1010,무쇠잎새,풀,에스퍼,,,,,,,,0,
#1011,과미르,풀,드래곤,,,,,,,,0,
#1012,차데스,풀,고스트,,,,,,,,0,
#1013,그우린차,풀,고스트,,,,,,,,0,
#1014,조타구,독,격투,,,,,,,,0,
#1015,이야후,독,에스퍼,,,,,,,,0,
#1016,기로치,독,페어리,,,,,,,,0,
#1017,오거폰,풀,,,,,,,,,0,
#1017,오거폰,풀,물,,,,,,,,0,
#1017,오거폰,풀,불꽃,,,,,,,,0,
#1017,오거폰,풀,바위,,,,,,,,0,
#1018,브리두라스,강철,드래곤,,,,,,,,0,
#1019,과미드라,풀,드래곤,,,,,,,,0,
#1020,꿰뚫는화염,불꽃,드래곤,,,,,,,,0,
#1021,날뛰는우레,전기,드래곤,,,,,,,,0,
#1022,무쇠암석,바위,에스퍼,,,,,,,,0,
#1023,무쇠감투,강철,에스퍼,,,,,,,,0,
#1024,테라파고스,노말,,,,,,,,,0,
#1025,복숭악동,독,고스트,,,,,,,,0,
